﻿Profile,Company_name,Location,Experience,Website
Java Freshers Opening,Dataguise India Pvt. Ltd.,Mohali,0-1 yrs,Naukri.com
Java Developer,Smart Steps,Mohali,0-0 yrs,Naukri.com
"Java Developer CMMI Lev 3 Organization, Mohali",smartData Enterprises India Ltd.,"Mohali, Nagpur",3-8 yrs,Naukri.com
Java Developer,Smart Steps,Mohali,1-3 yrs,Naukri.com
Senior Java Developer,Cogneesol Pvt Ltd,Mohali,1-3 yrs,Naukri.com
Java Developers- Dataguise- Chandigarh,Dataguise India Pvt. Ltd.,Mohali,3-8 yrs,Naukri.com
Sr. Java Developer,Master Software Solutions,Mohali,3-6 yrs,Naukri.com
"Senior Software Developer- (java,trackwise )",Orbit Technologies,Mohali,3-8 yrs,Naukri.com
Java Technical Lead,Brown Deck Ventures LLC,"Chandigarh, Mohali",7-12 yrs,Naukri.com
Solution Architect - Java/j2ee,Maquette Consulting Group,"Mohali, Punjab",10-15 yrs,Naukri.com
"Staff Software Engineer ( Java,rest, Microservices)",Zscaler Softech India Private Limited,"Chandigarh, Mohali",8-11 yrs,Naukri.com
QA Automation Engineer,Dataguise India Pvt. Ltd.,"Chandigarh, Mohali",3-5 yrs,Naukri.com
Urgent Openings for Java Developer,Esferasoft Solutions Pvt. Ltd.,Mohali,0-1 yrs,Naukri.com
Openings for Java Developer with Finance/credit Domain Experience,iQuest Management Consultants Pvt. Ltd,"Chandigarh, Mohali",2-6 yrs,Naukri.com
"PHP Wordpress Developer, jQuery - Java Script",Squeak Cell Consultancy Service Private Limited,"Mohali, Noida",1-4 yrs,Naukri.com
Senior Laravel Developer Or Team Leader,Intelliworx Consulting,"Chandigarh, Mohali, Panchkula",2-7 yrs,Naukri.com
Hiring For IOS Developer AND Android Developer,Solitaire Infosys Pvt. Ltd,Mohali,1-3 yrs,Naukri.com
Software Architect,Marcana SDC Private Limited,"Chandigarh, Mohali",12-20 yrs,Naukri.com
Android Developer,softobiz technologies Pvt ltd,"Chandigarh, Mohali",2-5 yrs,Naukri.com
Asp.net Mvc Developer,2aSquare Infotech Studios Pvt. Ltd.,Mohali,1-3 yrs,Naukri.com
Sr. Android Developer/ Jr. Android Developer,Sunfocus Solutions Private Limited,Mohali,1-4 yrs,Naukri.com
Android Developer (1-2 Years),RV Technologies Softwares Pvt. Ltd.,Mohali,1-2 yrs,Naukri.com
Android Developer,Thirty Four Soft Systems Private Limited,Mohali,2-4 yrs,Naukri.com
Software Engineer-oracle Cloud,Emicon Advisory Services LLP,"Mohali, Pune, Bengaluru",0-2 yrs,Naukri.com
"Software Trainee , Internship in a Leading IT Company - Piford Tech",Piford Technologies (P) Limited.,"Chandigarh, Mohali",0-5 yrs,Naukri.com
Full Stack Developer,Igniva Infotech Pvt. Ltd.,"Chandigarh, Mohali",1-5 yrs,Naukri.com
Senior Android Developer,2aSquare Infotech Studios Pvt. Ltd.,Mohali,4-6 yrs,Naukri.com
Vacancy For IT Faculty In Zirakpur With Aptech Computer Education,Aptech Computer Education,"Chandigarh, Mohali, Panchkula",1-4 yrs,Naukri.com
Hadoop Developer With Map Reduce Experience,Dataguise India Pvt. Ltd.,"Chandigarh, Mohali",3-7 yrs,Naukri.com
Cloud Engineer,Dataguise India Pvt. Ltd.,"Mohali, Chandigarh",3-5 yrs,Naukri.com
QA Automation Engineer,Mobilyte Solutions Pvt Ltd.,Mohali,4-9 yrs,Naukri.com
"Team Leader Product Development, Team Leader Software Development",End2End Catalyst,"Chandigarh, Mohali, Panchkula",3-7 yrs,Naukri.com
"Ember UI Developer Ember JS Angular JS Bootstrap, JavaScript Developer",End2End Catalyst,"Chandigarh, Mohali, Panchkula",1-5 yrs,Naukri.com
Ionic Developer/ Hybrid App/ Mobile Application Developer - Mohali,Squeak Cell Consultancy Service Private Limited,Mohali,1-3 yrs,Naukri.com
Ionic Developer/ Hybrid App/ Mobile Application Developer - Mohali,Squeak Cell Consultancy Service Private Limited,Mohali,1-4 yrs,Naukri.com
HR Executive / HR Payroll Walkin,I Way Solutions,"Delhi NCR, Chandigarh, Mohali",0-5 yrs,Naukri.com
Required B.tech Freshers/graduates,I Way Solutions,"Delhi NCR, Chandigarh, Mohali",0-4 yrs,Naukri.com
Full Stack Developer // VAS Industry // Mohali (chandigarh),Samridhi,Mohali,2-6 yrs,Naukri.com
Solution Architect,Maquette Consulting Group Private Limited,Mohali,8-13 yrs,Naukri.com
Required IT Graduates for IT Company ( Walk in Interviews ),VE India Jobs,"Mohali, Chandigarh",0-1 yrs,Naukri.com
Advanced Java Trainer,CGC - (Shri Guru Ram Das Educational Society),Mohali,5-10 yrs,Naukri.com
Microsoft Dynamics AX Lead / Architect,Global Pueblo Solutions,Mohali,6-8 yrs,Naukri.com
Asst. Software Programmer,Init Call Technologies Pvt. Ltd.,"Ambala, Mohali",2-7 yrs,Naukri.com
Android Developer,Cogneesol,"Mohali, Mohali",0-3 yrs,Naukri.com
Android Developer,Cogneesol,Mohali,1-3 yrs,Naukri.com
Android Developer,Cogneesol,Mohali,1-3 yrs,Naukri.com
Android Developers,Brucode Technologies Pvt. Ltd.,Mohali,2-5 yrs,Naukri.com
Java sql developer,Adecco India Ltd,Mohali,3-7 yrs,Naukri.com
Java developer,Adecco India Ltd,Mohali,3-7 yrs,Naukri.com
System Developer,T & A Solutions,Mohali,2-5 yrs,Naukri.com
Java and J2EE Developer,Impinge Solutions,Mohali,2-7 yrs,Naukri.com
Java Application Developer,WeaveBytes InfoTech Pvt. Ltd.,"Mohali, Mohali",2-7 yrs,Naukri.com
Java Application Developer,WeaveBytes Infotech Pvt Ltd,"Mohali, Mohali",1-6 yrs,Naukri.com
Java Application Developer,WeaveBytes InfoTech Pvt. Ltd.,Mohali,2-5 yrs,Naukri.com
Java Application Developer,WeaveBytes InfoTech Pvt. Ltd.,Mohali,1-4 yrs,Naukri.com
Java Application Developer,WeaveBytes InfoTech Pvt. Ltd.,Mohali,1-6 yrs,Naukri.com
Java Developer,NetSmartz Infotech India Pvt Ltd,"Gurgaon, Mohali, Chandigarh",3-6 yrs,Naukri.com
Java and J2EE Lead Developer,NVISH Solutions,"Mohali, Chandigarh, Chandigarh, Mohali",2-3 yrs,Naukri.com
Java Developer,AVR Shell,Mohali,1-5 yrs,Naukri.com
Senior Java Developer,WebKrit Infocom,Mohali,2-7 yrs,Naukri.com
Sr. Java Developer,Seasia Consulting,Mohali,5-10 yrs,Naukri.com
System Developer,T & A Solutions,Mohali,2-5 yrs,Naukri.com
System Developer,T & A Solutions,Mohali,2-6 yrs,Naukri.com
Database Developer,Dataguise India Pvt. Ltd.,Mohali,3-7 yrs,Naukri.com
C Developer with Linux,T & A Solutions,Mohali,2-5 yrs,Naukri.com
JD of Android Developer,T & A Solutions,Mohali,1-3 yrs,Naukri.com
Software development Engineer,T & A Solutions,Mohali,3-8 yrs,Naukri.com
Software development Engineer,T & A Solutions,Mohali,3-8 yrs,Naukri.com
Flex Developers,Impinge Solutions,Mohali,2-7 yrs,Naukri.com
QA QC Engineer,2aSquare Infotech Studios Pvt. Ltd.,Mohali,1-2 yrs,Naukri.com
Team Lead/am - IT (US Staffing),Spectraforce Technologies (India) Pvt. Ltd.,Mohali,3-6 yrs,Naukri.com
Urgent Opening for SAP HCP Consultant @ Knack Systems,Knack Systems and Servcies Pvt. Ltd.,"Hyderabad, Mumbai, Mohali",4-9 yrs,Naukri.com
Team Lead/am - IT (US Staffing),Spectraforce Technologies (India) Pvt. Ltd.,Mohali,4-9 yrs,Naukri.com
SAP ABAP Consultant,Orbit Technologies,Mohali,5-10 yrs,Naukri.com
Mobile Application Developers - Native Android/ios - React Native,The Right Punch,"Panchkula, Chandigarh, Mohali",1-6 yrs,Naukri.com
Web Designer,Soft Prodigy System Solutions Private Limited,Mohali,2-3 yrs,Naukri.com
Drupal Developer,Matrix Infologics Pvt. Ltd,Mohali,1-3 yrs,Naukri.com
Magento Developer,Matrix Infologics Pvt. Ltd,Mohali,1-3 yrs,Naukri.com
WordPress Developer,Matrix Infologics Pvt. Ltd,Mohali,1-3 yrs,Naukri.com
Joomla Developer,Matrix Infologics Pvt. Ltd,Mohali,1-3 yrs,Naukri.com
Asp.net Software Developer : Chandigarh Location.,Akal Information Systems Ltd.,"Chandigarh, Mohali",3-8 yrs,Naukri.com
Software Engineer - iOS,BayaTree,Mohali,3-8 yrs,Naukri.com
Manager,Seventh Foundation,Mohali,5-10 yrs,Naukri.com
Android Developer,Interworld Commnet,Mohali,2-5 yrs,Naukri.com
Php Developer,Ingenious Netsoft Private Limited,Mohali,1-6 yrs,Naukri.com
Drupal Developer,Matrix Infologics Pvt Ltd.,"Mohali, Mohali",1-3 yrs,Naukri.com
WordPress Developer,Matrix Infologics Pvt Ltd.,"Mohali, Mohali",1-3 yrs,Naukri.com
Joomla Developer,Matrix Infologics Pvt Ltd.,"Mohali, Mohali",1-3 yrs,Naukri.com
Magento Developer,Matrix Infologics Pvt Ltd.,"Mohali, Mohali",1-3 yrs,Naukri.com
iOS Developer,Matrid Technologies,Mohali,1-5 yrs,Naukri.com
DotNet Developer,Matrid Technologies,Mohali,1-5 yrs,Naukri.com
.NET Developer,Oditi Global Solutions Pvt Ltd,"Chandigarh, Mohali",3-5 yrs,Naukri.com
Java Developers Mohali,E-Solutions IT Services Pvt Ltd,Mohali,2-4 yrs,Naukri.com
Java Developer,T & A Solutions,Mohali,3-8 yrs,Naukri.com
PHP Developer / Software Developer (Web And Mobile),YoungTechies Systems Pvt. Ltd.,"Chandigarh, Mohali",0-5 yrs,Naukri.com
adobe enterprise manager,T & A Solutions,Mohali,4-8 yrs,Naukri.com
Walk in Drive for Application Developer | C.S/ I.T Graduate,eClerx Services Ltd.,"Ambala, Mohali",1-6 yrs,Naukri.com
Junior ASP. NET Developer,KBIHM CONSULTING PRIVATE LIMITED,"Chandigarh, Mohali",1-1 yrs,Naukri.com
Android Mobile Application Developer,KBIHM CONSULTING PRIVATE LIMITED,"Mohali, Chandigarh",1-3 yrs,Naukri.com
technical lead,T & A Solutions,Mohali,10-15 yrs,Naukri.com
IOS Developer,T & A Solutions,Mohali,1-3 yrs,Naukri.com
Php Developers,Nav Placement World,Mohali,1-3 yrs,Naukri.com
Php Developers Required,Nav Placement World,Mohali,1-3 yrs,Naukri.com
Php Developers/Web Designers,Nav Placement World,"Ludhiana, Mohali",0-3 yrs,Naukri.com
adobe enterprise manager,T & A Solutions,Mohali,4-8 yrs,Naukri.com
server admin,T & A Solutions,Mohali,1-6 yrs,Naukri.com
Urgent Requirement for PHP Developer Male Female,K D Groups,"Mohali, Chandigarh",1-2 yrs,Naukri.com
Sr. Php Developer | Php Developer,Grabrighjob,Mohali,0-4 yrs,Naukri.com
Tech Lead,T & A Solutions,Mohali,10-13 yrs,Naukri.com
Software Developer (.net),Smile Management Solutions,"Chandigarh, Mohali",2-5 yrs,Naukri.com
PHP Developer,Trinity Solutions,"Chandigarh, Mohali, Panchkula",3-6 yrs,Naukri.com
Java Developer,WebKrit Infocom,Mohali,1-5 yrs,Naukri.com
Java Developer,WebKrit Infocom,Mohali,1-6 yrs,Naukri.com
Android Application Developer,WeaveBytes InfoTech Pvt. Ltd.,Mohali,2-5 yrs,Naukri.com
Senior/Lead Android Developer,Timerack Software Pvt. Ltd.,Mohali,5-10 yrs,Naukri.com
Android Application Developer,WeaveBytes Infotech Pvt Ltd,"Mohali, Mohali",1-6 yrs,Naukri.com
Android Application Developer,WeaveBytes Infotech Pvt Ltd,"Mohali, Mohali",2-7 yrs,Naukri.com
Android Mobile Application Developer,SOFTOASIS TECHNOLOGIES PVT LTD,Mohali,1-6 yrs,Naukri.com
Android Application Developer,WeaveBytes InfoTech Pvt. Ltd.,Mohali,2-5 yrs,Naukri.com
Sr. PHP Developer,Matrix Infologics Pvt. Ltd,Mohali,2-5 yrs,Naukri.com
CRM/Technical Support Engineer,SquareNet IT Solutions Private Limited,Mohali,4-9 yrs,Naukri.com
Software Architect,SquareNet IT Solutions Private Limited,Mohali,4-9 yrs,Naukri.com
Android Developer,Sarna Technologies,"Mohali, Chandigarh",4-8 yrs,Naukri.com
Sr. PHP Developer,Matrix Infologics Pvt. Ltd.,Mohali,2-5 yrs,Naukri.com
Magento Developer,Matrix Infologics Pvt. Ltd.,Mohali,1-3 yrs,Naukri.com
Drupal Developer,Matrix Infologics Pvt. Ltd.,Mohali,1-3 yrs,Naukri.com
Joomla Developer,Matrix Infologics Pvt. Ltd.,Mohali,1-3 yrs,Naukri.com
WordPress Developer,Matrix Infologics Pvt. Ltd.,Mohali,1-3 yrs,Naukri.com
Android Developer,Skycap,Mohali,1-4 yrs,Naukri.com
Android Application Developer,WeaveBytes InfoTech Pvt. Ltd.,Mohali,3-8 yrs,Naukri.com
Android Programmer,Talentelgia Technologies PVT LTD,Mohali,3-8 yrs,Naukri.com
Android Developer,Srivyom Solutions,Mohali,2-7 yrs,Naukri.com
iOS Developer,Expert Technics,Mohali,1-4 yrs,Naukri.com
Android Developer,Srivyom Solutions,Mohali,0-1 yrs,Naukri.com
Dot NET Developer,Indi IT Solutions,Mohali,1-2 yrs,Naukri.com
Android ApplicatioDeveloper,WeaveBytes Infotech Pvt Ltd,Mohali,2-7 yrs,Naukri.com
Php Developer,Zipnox Technologies Pvt. Ltd.,Mohali,3-8 yrs,Naukri.com
Software Engineer - iPhone,Get Your Solutions.,Mohali,1-4 yrs,Naukri.com
Android Developer,ThinkNEXT Technologies Private Limited,Mohali,1-3 yrs,Naukri.com
iOS Developer,2aSquare,Mohali,4-6 yrs,Naukri.com
Python Developer,HP National,"Mumbai, Mohali, Jaipur, Noida",1-3 yrs,Naukri.com
Junior Machine Learning Engineer,Webtunix Solutions,Mohali,1-4 yrs,Naukri.com
Machine Learning Engineer,Webtunix Solutions,Mohali,3-8 yrs,Naukri.com
JOOMLA DEVELOPER,Xcelance Web Solutions,Mohali,3-8 yrs,Naukri.com
Web Designer,Webguruz Technologies Private Limited,Mohali,1-3 yrs,Naukri.com
Software Engineer- Android,Capanicus,Mohali,1-3 yrs,Naukri.com
Junior Software Engineer (Trainee/Fresher),ARK Microsystems,Mohali,2-5 yrs,Naukri.com
Sr. PHP Developer,Matrix Infologics Pvt Ltd.,"Mohali, Mohali",2-5 yrs,Naukri.com
UI/UX Designer,2aSquare,Mohali,4-6 yrs,Naukri.com
Web Designer,Wepro Solutions,Mohali,2-7 yrs,Naukri.com
PHP Developer,2aSquare,Mohali,4-6 yrs,Naukri.com
Android Developer,2aSquare,Mohali,4-6 yrs,Naukri.com
Dotnet Developer,2aSquare,Mohali,4-6 yrs,Naukri.com
AEM Lead Developer,NVISH Solutions,"Mohali, Chandigarh",2-5 yrs,Naukri.com
Android Developer,NASCENTURE SOFTWARE SOLUTIONS,Mohali,3-6 yrs,Naukri.com
Web Developers,Wepro Solutions,Mohali,2-5 yrs,Naukri.com
Dot net Developer,ThinkNEXT Technologies Private Limited,Mohali,1-5 yrs,Naukri.com
Full Stack Developer Internship,Convey Tech Labs,Mohali,2-5 yrs,Naukri.com
Sr. Developer - UI,Doconline Health India,Mohali,1-5 yrs,Naukri.com
Android Developer,ThinkNEXT Technologies Private Limited,Mohali,0-1 yrs,Naukri.com
IOS & Android App Developer,thirtyfour soft systems private limited,Mohali,2-4 yrs,Naukri.com
IOS & Android App Developer,thirtyfour soft systems Pvt. Ltd.,Mohali,2-5 yrs,Naukri.com
JAVA Developer openings for ( Freshers),Abhi Placements,Mohali,2-7 yrs,Naukri.com
Android Developer,Nutan Enterprises,Mohali,2-4 yrs,Naukri.com
Devops Engineer Mohali & Chandigarh,T & A Solutions,"Mohali, Chandigarh",2-5 yrs,Naukri.com
DevOps Engineer / DevOps Developer,T & A Solutions,Mohali,2-5 yrs,Naukri.com
Sustained Engineer (C ),T & A Solutions,Mohali,1-5 yrs,Naukri.com
Software Developer Jobs in Mohali Location,T & A Solutions,Mohali,4-9 yrs,Naukri.com
Software Developer,T & A Solutions,Mohali,2-5 yrs,Naukri.com
Adobe Enterprise Manager,T & A Solutions,Mohali,4-8 yrs,Naukri.com
PHP Developer,T & A Solutions,Mohali,1-6 yrs,Naukri.com
IOS Developer,T & A Solutions,Mohali,3-7 yrs,Naukri.com
Counselor,KD Group of Industries,Mohali,0-2 yrs,Naukri.com
Counselor / HR (Female),KD Group of Industries,Mohali,0-2 yrs,Naukri.com
RECEPTIONIST (FEMALE),TDS Group,"Faridabad, Baddi, Mumbai, Mohali",4-5 yrs,Naukri.com
Web Designer for Mohali,T & A Solutions,Mohali,1-5 yrs,Naukri.com
Senior Developer (Android),T & A Solutions,Mohali,2-5 yrs,Naukri.com
Urgent Requirement for Counselor / HR (Female),K D Groups,Mohali,0-1 yrs,Naukri.com
Android Developer,Nutan Enterprises,Mohali,2-4 yrs,Naukri.com
Senior Developer (Android),T & A Solutions,Mohali,6-8 yrs,Naukri.com
Urgent Requirement for Counselor,K D Groups,"Mohali, Chandigarh",0-1 yrs,Naukri.com
JD Senior Developer (Android),T & A Solutions,Mohali,6-8 yrs,Naukri.com
Bench Sale Recruitment (US Staffing),Sheetal Creative Consultant,Mohali,1-4 yrs,Naukri.com
Opening for Sustained Engineer (C ) in Mohali Location,T & A Solutions,Mohali,1-4 yrs,Naukri.com
Android Developer,Nutan Enterprises,Mohali,2-4 yrs,Naukri.com
System Developer,T & A Solutions,Mohali,2-6 yrs,Naukri.com
Engineer,T & A Solutions,Mohali,3-8 yrs,Naukri.com
PHP Developor,Abhi Placements,Mohali,1-3 yrs,Naukri.com
Android Developer,cwebconsultants,Mohali,2-7 yrs,Naukri.com
Java developer,BayaTree Infocom,"Chandigarh, Mohali",0 to 2 yrs,fresherworld.com
Java Developers,IESL,"Chandigarh, Chandigarh (Haryana),Mohali...",,fresherworld.com
Software Tester,IESL,"Chandigarh, Chandigarh (Haryana),Chandigarh (Punjab)...",,fresherworld.com
SEO Manager,Madbrains,"Amritsar, Bathinda, Chandigarh (Punjab)...",,fresherworld.com
Java Developer Internship,BayaTree Infocom Private Limited,"Chandigarh, Chandigarh",,Indeed.com
Web Development Internship,Dummy Bytes,"Chandigarh, Chandigarh",,Indeed.com
Java Developer / Programmer Freshers,Sequare Soft Solution,"Panchkula, Haryana",,Indeed.com
Java Developer,Smart Steps,"Mohali, Punjab",,Indeed.com
Java Developer,GS Web Technologies,"Mohali Sas Nagar, Chandigarh",,Indeed.com
Java Developer|| 3yrs ans above exp || smartData Enterprises...,smartData Enterprises,"Mohali, Punjab",,Indeed.com
Software Developer - new,ABS Systems,"Mohali, Punjab",,Indeed.com
Web Development (Wordpress) - new,Imminent Softwares,"Mohali, Punjab",,Indeed.com
Software Developer,Cybertron Technologies,"Mohali, Punjab",,Indeed.com
Jr. Java Developer,Etasens Technologies,"Sector 36 Chandigarh, Chandigarh",,Indeed.com
"Java Developer CMMI Lev 3 Organization, Mohali",smartData Enterprises,"Mohali Sas Nagar, Chandigarh",,Indeed.com
Software testing,Beyond Root Technology Services,"Mohali, Punjab",,Indeed.com
Trainee Developers PHP / Java,Edlive Technologies,"Mohali, Punjab",,Indeed.com
Hiring for Android Developer || IT Company || Mohali - new,ToXSL Technologies Pvt. Ltd.,"Mohali, Punjab",,Indeed.com
Hiring for Software Tester for Mohali Location,Arch Recruiters,"Mohali, Punjab",,Indeed.com
PHP / Java,Pisoft Informatics,"Mohali, Punjab",,Indeed.com
Mean Stack Developer ( 6months to 1year) - Mohali,Contriverz,"Mohali, Punjab",,Indeed.com
Java Developer,BayaTree Infocom,"Chandigarh, Chandigarh",,Indeed.com
Java Developer,Weavebytes Infotech Pvt Ltd.,"Mohali, Punjab",,Indeed.com
Software Quality Analyst(fresher),New Spark Technology landline no. 01724061505,"Mohali, Punjab",,Indeed.com
Software Developers PHP / Java,Edlive Technologies,"Mohali, Punjab",,Indeed.com
software testing job in mohali,Utsav Trading,"Chandigarh, Chandigarh",,Indeed.com
Java Developer,wingsoftech Technology,"Chandigarh, Chandigarh",,Indeed.com
Java Developer,Weavebytes Infotech Pvt Ltd,"Kharar, Punjab",,Indeed.com
Software Tester,Arch Recruiters,"Mohali, Punjab",,Indeed.com
Programmer Trainee,BookMyLoans,"Chandigarh, Chandigarh",,Indeed.com
Java Developer (Spring/Hibernate) (3-5 yrs),1Gen Platform Solutions,"Mohali, Punjab",,Indeed.com
Web Designer,Saasapp Software,"Mohali, Punjab",,Indeed.com
Web Designer & Developer,Maansa Webworld Private limited,"Mohali, Punjab",,Indeed.com
Java Developer,MSB,"Industrial Area Sector 28, Chandigarh",,Indeed.com
Internship Training Mohali,Elearning Solutions,"Mohali, Punjab",,Indeed.com
International voice process for Software Company,Quarec Resources Pvt Ltd,"Mohali, Punjab",,Indeed.com
Software Development Internship,Einix Infotech Private Limited,"Mohali, Punjab",,Indeed.com
Software Development,Kabera Technologies,"Mohali, Punjab",,Indeed.com
Java Developer,Access Infotech Pvt Ltd.,"Chandigarh, Chandigarh",,Indeed.com
Web Development Internship,Redlizard Studioz Private Limited,"Chandigarh, Chandigarh",,Indeed.com
Junior Android Developer - new,Codobux IT Services Pvt. Ltd.,"Mohali, Punjab",,Indeed.com
Java Developer,FIS,"Mohali, Punjab",,Indeed.com
Software Development Internship,De Facto Infotech Private Limited,"Chandigarh, Chandigarh",,Indeed.com
Java Developer,Manras Technologies Pvt. Ltd.,"Chandigarh, Chandigarh",,Indeed.com
Software Developer,SHISHAY INFOCOM PVT LTD,"Chandigarh, Chandigarh",,Indeed.com
Software Tester,Matrix Marketers,"Mohali, Punjab",,Indeed.com
Senior Android Developer - new,Codobux IT Services Pvt. Ltd.,"Mohali, Punjab",,Indeed.com
Software Tester,Kompanions,"Mohali, Punjab",,Indeed.com
Fresher Software Developer,Patient Bond,"Mohali Sas Nagar, Chandigarh",,Indeed.com
Hiring for #Software Developer,YoungTechies Systems Pvt.Ltd.,"Mohali, Punjab",,Indeed.com
Android Developer - new,ABS Systems,"Mohali, Punjab",,Indeed.com
Web Designer,Websetters,"Mohali, Punjab",,Indeed.com
Software Engineering & Development,BSRC,"Panchkula, Haryana",,Indeed.com
Software Tester Freshers || Manual ||,Sequare Soft Solution,"Panchkula, Haryana",,Indeed.com
Java Application Developer,WeaveBytes InfoTech,"Mohali, Punjab",,Indeed.com
Java developer Fresher or Experienced job in mohali,Utsav Trading,"Chandigarh, Chandigarh",,Indeed.com
JAVA Web Application Developer,Wing Global IT Services,"Chandigarh, Chandigarh",,Indeed.com
Sr. Software Tester,iApp Technologies,"Mohali Sas Nagar, Chandigarh",,Indeed.com
Software Developer,SEO Discovery,"Mohali, Punjab",,Indeed.com
Software Developer,Ramal's Pet Mall,"Chandigarh, Chandigarh",,Indeed.com
Fresher Software Engineer,Patient Bond,"Mohali Sas Nagar, Chandigarh",,Indeed.com
Software Tester,Simson Softwares Pvt. Limited,"Mohali, Punjab",,Indeed.com
Sr. Java Developer,JohnTesla Inc,"Chandigarh, Chandigarh",,Indeed.com
Intern Software Developer,Patient Bond,"Mohali Sas Nagar, Chandigarh",,Indeed.com
Computer Programmer,JIYES LEARNING INSTITUTE,"Panchkula, Haryana",,Indeed.com
Developer Angular 2,XyrinTechnologies,"Mohali, Punjab",,Indeed.com
Software Tester,WillShall - Redefining Technologies,"Mohali Sas Nagar, Chandigarh",,Indeed.com
Web Designer & Graphic Designer,Sensation Software Solutions Pvt Ltd,"Mohali, Punjab",,Indeed.com
Wordpress Developer,Softphoton Web Haus,"Mohali, Punjab",,Indeed.com
Web Developer & Trainer,Web Technology,"Chandigarh, Chandigarh",,Indeed.com
Software Developer,Allengers Medical Systems Ltd,"Dera Bassi, Punjab",,Indeed.com
Java Trainer,Allsoft Solutions and Services Pvt. Ltd.,"Mohali, Punjab",,Indeed.com
Java Developer–SSE/ATL/TL,Trantor software,"Chandigarh, Chandigarh",,Indeed.com
industrial training mohali,Elearning Solutions,"Mohali, Punjab",,Indeed.com
Sr. Software Tester,MID TOWN ASSOCIATES,"Mohali Sas Nagar, Chandigarh",,Indeed.com
Software Engineer (Jr.),Krishna Innovative Software,"Mohali, Punjab",,Indeed.com
Software Intern,Hoolime,"Chandigarh, Chandigarh",,Indeed.com
Software Developer,MID TOWN ASSOCIATES,"Mohali Sas Nagar, Chandigarh",,Indeed.com
Software Developer,Horizon e-SOLUTIONS,"Mohali Sas Nagar, Chandigarh",,Indeed.com
Java Trainer,JK Softtech Solutions,"Chandigarh, Chandigarh",,Indeed.com
Java Developer- SSE,Trantor software,"Chandigarh, Chandigarh",,Indeed.com
Industrial Training 2018-2019,Possibility Solutions,"Mohali, Punjab",,Indeed.com
GPS Software Developer,Hi Tech Communication Pvt Ltd,"Chandigarh, Chandigarh",,Indeed.com
Website Designer,Webnet Asia,"Chandigarh, Chandigarh",,Indeed.com
"IT Company Training 3 Month, 6Month",Possibility Solutions,"Mohali, Punjab",,Indeed.com
Software Quality Analyst,New Spark Technology landline no. 01724061505,"Mohali, Punjab",,Indeed.com
Java/Android Trainer,Elysian Corporation,"Mohali, Punjab",,Indeed.com
Android/ Java Trainer,Elysian Corporation,"Mohali, Punjab",,Indeed.com
Jr. Software Engineer,de facto Infotech Pvt. Ltd.,"Mohali, Punjab",,Indeed.com
Android developer- fresher Zirakpur,Bol7 Technologies PVT LTD,"Chandigarh, Chandigarh",,Indeed.com
Java Developer/Sr. Developer,Maracana SDC Private Limited,"Mohali Sas Nagar, Chandigarh",,Indeed.com
"Staff Software Engineer ( JAVA,REST, Microservices,Data Stru...",Zscaler,"Chandigarh, Chandigarh",,Indeed.com
Web Designer Mohali,T and A Hr Solutions,"Mohali, Punjab",,Indeed.com
IT Software / Android Developers,MabZone IT Services,"Chandigarh, Chandigarh",,Indeed.com
Looking for Freshers in Java/Android/iOS/Game/Python Develop...,Weavebytes Infotech Pvt Ltd,"Kharar, Punjab",,Indeed.com
Specialist / Sr. Technical Specialist - Full Stack Java Deve...,Maven Wave Partners,"Chandigarh, Chandigarh",,Indeed.com
Immediate Hiring for Ionic Developer at mohali location,Suffescom Solutions Pvt. Ltd.,"Mohali, Punjab",,Indeed.com
Software Intern - Frontend & Backend,Hoolime,"Chandigarh, Chandigarh",,Indeed.com
Interns for Software Development,SofSter,"Mohali, Punjab",,Indeed.com
Java Developer 5+ Year Exp. For Ireland Country,KKA Technologies Pvt Ltd,"Mohali Sas Nagar, Chandigarh",,Indeed.com
Software Engineer( Dotnet),MeetApp India Pvt Ltd.,"Mohali Sas Nagar, Chandigarh",,Indeed.com
Software Engineer,UIMATIC,"Mohali Sas Nagar, Chandigarh",,Indeed.com
Trainee Software Engineer,Patient Bond,"Mohali Sas Nagar, Chandigarh",,Indeed.com
Software Developer (Asp.Net),Artesian Software Technologies LLP,"Mohali, Punjab",,Indeed.com
Java Developer/ Sr. Java Developer,Ascentx Software Development Services,"Chandigarh, Chandigarh",,Indeed.com
AngularJS Developer,cWebConsultants,"Mohali, Punjab",,Indeed.com
Trainee Software Tester,Patient Bond,"Mohali Sas Nagar, Chandigarh",,Indeed.com
Immediate hiring Android Developer at Mohali,Suffescom Solutions Pvt. Ltd.,"Mohali, Punjab",,Indeed.com
Front End Web Developer,Cloudcapstone,"Mohali, Punjab",,Indeed.com
Software Trainee,Softuvo Solutions Private Limited,"Mohali, Punjab",,Indeed.com
Software Tester,Erginus,"Mohali, Punjab",,Indeed.com
Software Developer,Veritas Infosolutions,"Chandigarh, Chandigarh",,Indeed.com
Android Application Developer,Devisers Logiciels Private Ltd,"Mohali, Punjab",,Indeed.com
WordPress Developer,The Girafe Infotisements,"Mohali Sas Nagar, Chandigarh",,Indeed.com
IT Developers Freshers,Unipro Soft Solutions,"Mohali, Punjab",,Indeed.com
Web Designer & Developer Night Shift,Appiesoft Web solutions,"Mohali, Punjab",,Indeed.com
Software Engineer (Wordpress),UIMATIC,"Mohali Sas Nagar, Chandigarh",,Indeed.com
Software Engineers (0-5 years),Kaspro Solutions Pvt. Ltd.,"Mohali Sas Nagar, Chandigarh",,Indeed.com
Hiring || B.Tech CSE / IT || Freshers,Unipro Soft Solutions,"Mohali, Punjab",,Indeed.com
Software Engineer,Kaspro Solutions Pvt. Ltd.,"Mohali Sas Nagar, Chandigarh",,Indeed.com
SSE/Specialist- Full Stack Java Developer,Maven Wave Partners,"Chandigarh, Chandigarh",,Indeed.com
Website Developer,Rajdeep & Co. Infrasructure Pvt Ltd,"Zerakpur, Punjab",,Indeed.com
Software Engineer,Emicon Advisory Services,"Sector 59 Chandigarh, Chandigarh",,Indeed.com
Software Trainer,TruSoft ERP Solutions,"Mohali, Punjab",,Indeed.com
Codeignitior | Web API | Core PHP Expert,786 Network Solutions,"Mohali Sas Nagar, Chandigarh",,Indeed.com
Graphic Design Internship,Dummy Bytes,"Chandigarh, Chandigarh",,Indeed.com
Software Developer,Ucreate.it,"Mohali, Punjab",,Indeed.com
Software Engineer,RChilli Inc.,"Mohali, Punjab",,Indeed.com
Software Developer Growing US Company in Mohali Punjab,AXIS Groups U.S.,"Mohali, Punjab",,Indeed.com
Java Developer,Magna,"Chandigarh, Chandigarh",,Indeed.com
Software Developer Xamarin(URGENT RECRUITMENT),Optimiser Infotech,"Chandigarh, Chandigarh",,Indeed.com
Embedded Software Developer,Micromation Private Limited,"Mohali Sas Nagar, Chandigarh",,Indeed.com
Software Installation Executive,Saasapp Software,"Mohali, Punjab",,Indeed.com
Trainee Software Engineer,GST Solution,"Chandigarh, Chandigarh",,Indeed.com
Software Trainee,Redlizard Studioz,"Chandigarh, Chandigarh",,Indeed.com
Software Engineer Mohali,T and A Hr Solutions,"Mohali, Punjab",,Indeed.com
Urgent Req. for Marg Software Billing Person,Trumac Healthcare,"Chandigarh, Chandigarh",,Indeed.com
Software Developer,macwill,"Mohali, Punjab",,Indeed.com
"PHP, Android developers, Upwork Bidder",Next Generation software solutions,"Mohali, Punjab",,Indeed.com
iPhone Developer,Cogniter Technologies Pvt Ltd,"Chandigarh, Chandigarh",,Indeed.com
Software Developer Trainee,Ask Me Quick,"Chandigarh, Chandigarh",,Indeed.com
Tech Infra(Internship),SAL School of Architecture,"Chandigarh, Chandigarh",,Indeed.com
Android developer (immediate joiner),Beckon Delve Infotech Pvt Ltd,"Mohali, Punjab",,Indeed.com
Android Developer,i-next Solutions,"Chandigarh, Chandigarh",,Indeed.com
Software Developer Mohali,T and A Hr Solutions,"Mohali, Punjab",,Indeed.com
Magento – Senior Software Engineer,IDS INFOTECH LIMITED,"Chandigarh, Chandigarh",,Indeed.com
Java and J2EE Lead Developer,NVISH Solutions,"Mohali, Punjab",,Indeed.com
"Senior Software Engineers (SSEWD), Technical Interns (TIWD)",VCSGroup,"Chandigarh, Chandigarh",,Indeed.com
Technical Lead- Full Stack Java Developer,Maven Wave Partners,"Chandigarh, Chandigarh",,Indeed.com
website support&development/IT officer,jiyes learning institute,"Panchkula, Haryana",,Indeed.com
"Software Engineer (Java, Bigdata, Hadoop) ( Code : J40333)",Sampoorna Consultants Private Limited,"Chandigarh, Chandigarh",,Indeed.com
Sr. Software Engineer (Laravel),UIMATIC,"Mohali Sas Nagar, Chandigarh",,Indeed.com
Lead Android Developer,Elysian Corporation,"Mohali, Punjab",,Indeed.com
Java Developer,T and A Hr Solutions,"Chandigarh, Chandigarh",,Indeed.com
Dot Net/C# Software Developer,VIENNA IT SOLUTIONS PVT LTD,"Mohali, Punjab",,Indeed.com
Joomla Developer,Matrix Infologics,"Mohali, Punjab",,Indeed.com
Software Developer (.Net),iNVERTEDi,"Mohali, Punjab",,Indeed.com
Software Developer Trainee,Mechlin Software,"Mohali, Punjab",,Indeed.com
Internship Training,Quventix Solutions,"Chandigarh, Chandigarh",,Indeed.com
Python Developer,Weavebytes Infotech Pvt Ltd,"Kharar, Punjab",,Indeed.com
Android Developer,Silicon Web Solutions Pvt. Ltd.,"Mohali, Punjab",,Indeed.com
Java Developer / Web Developer,T and A Hr Solutions,"Chandigarh, Chandigarh",,Indeed.com
Walking's For Seniors (1st October to 10th October - 2018,OrioneSolutions Private Limited Company,"Mohali, Punjab",,Indeed.com
Hiring B.Tech / BCA / MCA Any Graduates Freshers IT Develope...,Sequare Soft Solution,"Panchkula, Haryana",,Indeed.com
Android Developer,Ingenious NetSoft Pvt.ltd,"Mohali, Punjab",,Indeed.com
Software Tester Trainer,Webliquidinfotech,"Chandigarh, Chandigarh",,Indeed.com
Web Developer,Spine Software Systems Pvt. Ltd.,"Dappar, Punjab",,Indeed.com
Jobs For MBA/BBA/B.Tech Freshers,Swipecubes Softs Pvt. Ltd.,"Mohali, Punjab",,Indeed.com
Android Developer,Zimble Code INC,"Mohali, Punjab",,Indeed.com
WordPress Developer,Matrix Infologics,"Mohali, Punjab",,Indeed.com
Web Designer & Developer,Touchstone educationals,"Chandigarh, Chandigarh",,Indeed.com
Android Developer,Thirtyfour soft Systems private limited,"Mohali, Punjab",,Indeed.com
Software Engineer - Nodejs Developer,Hoolime,"Chandigarh, Chandigarh",,Indeed.com
Automation Test Engineer,Netsmartz Infotech,"Chandigarh, Chandigarh",,Indeed.com
Software Engineer - Open Source Technology,Zapbuild Technologies,"Mohali, Punjab",,Indeed.com
Devops Engineer Mohali & Chandigarh,T and A Hr Solutions,"Mohali, Punjab",,Indeed.com
Android Developer,Rejoin Websolution Pvt. Ltd.,"Mohali, Punjab",,Indeed.com
WordPress Developer,WebExpertsOnline,"Mohali, Punjab",,Indeed.com
Industrial Training/Software Training,Matrid Technologies,"Mohali, Punjab",,Indeed.com
Report Developer/ Sr. Report Developer,Ascentx Software Development Services,"Chandigarh, Chandigarh",,Indeed.com
Sr. Software Engineer,Edifecs,"Chandigarh, Chandigarh",,Indeed.com
react native,Beckon Delve Infotech Pvt Ltd,"Mohali, Punjab",,Indeed.com
Graphic Designer,WD Academy,"Mohali, Punjab",,Indeed.com
Android Developer,DeCoders Hub,"Mohali, Punjab",,Indeed.com
Free 6 Months Training/Internship under Govt. of India,RAPS iTech,"Chandigarh, Chandigarh",,Indeed.com
Senior Full Stack Developer,Elysian Corporation,"Mohali, Punjab",,Indeed.com
URGENTLY REQUIRED PYTHON DEVELOPER MACHINE LEARNING ENGINEER,ThinkNEXT Technologies Pvt. Ltd.,"Mohali, Punjab",,Indeed.com
Software Engineer (MVC Developer) No. Of Positions : 5,Kindlebit Solutions,"Chandigarh, Chandigarh",,Indeed.com
Python/ML Developer,Weavebytes Infotech Pvt Ltd,"Kharar, Punjab",,Indeed.com
Sr. Product Support Specialist,Edifecs,"Chandigarh, Chandigarh",,Indeed.com
Software Engineer (ROR Developer),Maropost,"Mohali, Punjab",,Indeed.com
Software Engineer - iOS,tecHindustan Solutions,"Mohali, Punjab",,Indeed.com
Freelancer Software Engineer,SMN Infocom,"Chandigarh, Chandigarh",,Indeed.com
CA Site Minder,Seasec Pvt. Ltd.,"Mohali, Punjab",,Indeed.com
JavaScript/ AngularJs/ Web Developer/UI Developer,Ascentx Software Development Services,"Chandigarh, Chandigarh",,Indeed.com
Blockchain Developer,M Sadashiv & Associates (Sanaatan Group),"Chandigarh, Chandigarh",,Indeed.com
Android Developer (1-2 Years),RV Technologies Softwares Pvt Ltd,"Mohali, Punjab",,Indeed.com
Software Engineer,Get Your Solutions,"Panchkula, Haryana",,Indeed.com
Advanced Java Trainer,Chandigarh Group of Colleges,"Landran, Punjab",,Indeed.com
Android Developer,Cqlsys technologies Pvt Ltd,"Mohali, Punjab",,Indeed.com
Software Trainee 3,T and A Hr Solutions,"Mohali, Punjab",,Indeed.com
Technical Instructor,Edifecs,"Chandigarh, Chandigarh",,Indeed.com
Sr. Software Engineer,IDS Infotech Limited,"Chandigarh, Chandigarh",,Indeed.com
Software Programmer (LAMP),Ably Soft Pvt. Ltd.,"Mohali, Punjab",,Indeed.com
Android developer,iApp Technologies,"Mohali Sas Nagar, Chandigarh",,Indeed.com
Hiring For Software Developer(Asp.Net)- 2-3 years Exp,"Bliss IT Solutions Pvt. Ltd ,IT Park Chandigarh","Chandigarh, Chandigarh",,Indeed.com
Software Quality Engineer - Automation,Ascentx Software Development Services,"Chandigarh, Chandigarh",,Indeed.com
Android Developer(immediate joining),Beckon Delve Infotech Pvt Ltd,"Mohali, Punjab",,Indeed.com
Web Designer,Rudr Consultancy Services,"Panchkula, Haryana",,Indeed.com
iOS Developer Fresher,Quventix Solutions,"Chandigarh, Chandigarh",,Indeed.com
Magento Developer,Matrix Infologics,"Mohali, Punjab",,Indeed.com
Software Engineer - Dot Net (Sr.),Krishna Innovative Software,"Mohali, Punjab",,Indeed.com
URGENTLY REQUIRED PYTHON DEVELOPER DATASCIENCE ENGINEER,ThinkNEXT Technologies Pvt. Ltd.,"Mohali, Punjab",,Indeed.com
Iphone Developer in Chandigarh,T and A Hr Solutions,"Chandigarh, Chandigarh",,Indeed.com
Software Engineer,Agros Impex (I) Pvt. Ltd,"Mohali, Punjab",,Indeed.com
Jr Android Developer Frehers,Sequare Soft Solution,"Panchkula, Haryana",,Indeed.com
Android Developer,GS Web Technologies,"Chandigarh, Chandigarh",,Indeed.com
Node JS Developer,Ingenious Netsoft Pvt Ltd,"Mohali, Punjab",,Indeed.com
Devops Lead/ Senior Lead,Maven Wave Partners,"Chandigarh, Chandigarh",,Indeed.com
iPhone Developer,Get Your Solutions,"Panchkula, Haryana",,Indeed.com
ASP.NET MVC Developer Fresher,Mannacor Software India,"Mohali, Punjab",,Indeed.com
quality analyst software tester,T and A Hr Solutions,"Mohali, Punjab",,Indeed.com
IT trainer,"ITFT COLLEGE, NEW CHANDIGARH","Chandigarh, Chandigarh",,Indeed.com
URGENTLY REQUIRED BIGDATA TRAINER,ThinkNEXT Technologies Pvt. Ltd.,"Mohali, Punjab",,Indeed.com
- Software Engineer/ Sr Software Engineer(Zend 3),T and A Hr Solutions,"Mohali, Punjab",,Indeed.com
Software Quality Engineer - Manual/ Automation,Ascentx Software Development Services,"Chandigarh, Chandigarh",,Indeed.com
Android Application Developer,Rejoin Websolution Pvt. Ltd.,"Mohali, Punjab",,Indeed.com
Senior Android Developer,ITechServ,"Mohali, Punjab",,Indeed.com
ANDROID DEVELOPER,Infinity Software Labs,"Panchkula, Haryana",,Indeed.com
Android Developer,Planet Web Zone,"Mohali, Punjab",,Indeed.com
Angular Developer,PSL LIMITED,"Mohali, Punjab",,Indeed.com
Software Engineer / Sr,T and A Hr Solutions,"Chandigarh, Chandigarh",,Indeed.com
Software Tester,Zapbuild Technologies Private Limited,"Mohali, Punjab",,Indeed.com
React Native,GMark Technologies,"Panchkula, Haryana",,Indeed.com
Node Js Developer,Emilence Pvt Ltd,"Mohali, Punjab",,Indeed.com
Urgent Hiring for Android Developer,Snowflakes Software Pvt. Ltd.,"Mohali, Punjab",,Indeed.com
Software Engineer-ASPNET,T and A Hr Solutions,"Mohali, Punjab",,Indeed.com
System Developer,T and A Hr Solutions,"Mohali, Punjab",,Indeed.com
Software Engineer - Dot Net (Software Engineer),Krishna Innovative Software,"Mohali, Punjab",,Indeed.com
"Senior Software Engineers (SSE), Technical Interns (TI)",VCSGroup,"Chandigarh, Chandigarh",,Indeed.com
Android Developer,Emilence Pvt Ltd,"Mohali, Punjab",,Indeed.com
Team Lead- Android Application,OSVIN Web Solutions,"Chandigarh, Chandigarh",,Indeed.com
Android Developer,MedzSoft,"Mohali, Punjab",,Indeed.com
Full Stack Developer,VVinayak Associates,"Mohali, Punjab",,Indeed.com
Android Apps Developer,Techwin Labs LLP,"Mohali, Punjab",,Indeed.com
Android Developer,NextpageIT solutions,"Mohali Sas Nagar, Chandigarh",,Indeed.com
Senior .Net Developer,Partners Advertising Private Limited,"Chandigarh, Chandigarh",,Indeed.com
DevOps Engineer / DevOps Developer,T and A Hr Solutions,"Mohali, Punjab",,Indeed.com
Software Engineer,Kindlebit Solutions,"Chandigarh, Chandigarh",,Indeed.com
React Native Developer,GMark Technologies,"Panchkula, Haryana",,Indeed.com
Android Developer,Soft Radix,"Mohali, Punjab",,Indeed.com
Software Engineer : Open Source Developer,Zapbuild Technologies Private Limited,"Mohali, Punjab",,Indeed.com
iOS Developer,Possibility Solution Pvt. Ltd.,"Mohali, Punjab",,Indeed.com
Senior Software Programmer (LAMP),Ably Soft Pvt. Ltd.,"Mohali, Punjab",,Indeed.com
NodeJS Developer,Firminiq Systems,"Chandigarh, Chandigarh",,Indeed.com
Android Developer,Visions,"Chandigarh, Chandigarh",,Indeed.com
Oracle EBS Developer - Global Forms Team,Emerson,"Chandigarh, Chandigarh",,Indeed.com
C++ Developer,FIS,"Mohali, Punjab",,Indeed.com
Android Developer,New Spark Technology landline no. 01724061505,"Mohali, Punjab",,Indeed.com
I-Phone Developer / Sr. Iphone Devleoper,Cogniter Technologies,"Chandigarh, Chandigarh",,Indeed.com
Android Developer,Nascenture,"Mohali, Punjab",,Indeed.com
Hybrid Developer,PSL LIMITED,"Mohali, Punjab",,Indeed.com
Android Application Developer,Cogniter Technologies Pvt Ltd,"Chandigarh, Chandigarh",,Indeed.com
Graphic Designer,Net Panacea,"Chandigarh, Chandigarh",,Indeed.com
ASP.NET Developer,Mannacor Software India,"Mohali, Punjab",,Indeed.com
Sr. Software Engineer - PHP,CS Soft Solutions,"Sector 22 Chandigarh, Chandigarh",,Indeed.com
Sr. Software Engineer - UI,Ascentx Software Development Services,"Chandigarh, Chandigarh",,Indeed.com
Java Application Senior Developer- Maintenance and Enhanceme...,Maven Wave Partners,"Chandigarh, Chandigarh",,Indeed.com
Mulesoft Developer,Trantor software,"Chandigarh, Chandigarh",,Indeed.com
Android Developer,2aSquare Infotech Studios,"Mohali, Punjab",,Indeed.com
Product Support Specialist,Edifecs,"Chandigarh, Chandigarh",,Indeed.com
Dot Net : Software Developer and Fresher Required Urgently,Anthem Infotech,"Chandigarh, Chandigarh",,Indeed.com
Software Architect,Cyemptive,"Mohali, Punjab",,Indeed.com
Sr. Software Engineer/Sr. Software Developer,Safaltek,"Chandigarh, Chandigarh",,Indeed.com
Android Developer,Access Infotech Pvt Ltd.,"Mohali, Punjab",,Indeed.com
AEM Lead Developer,NVISH Solutions,"Mohali, Punjab",,Indeed.com
Process Automation Leader,IDS Infotech Limited,"Chandigarh, Chandigarh",,Indeed.com
Android Developer,Web Mobile Solutions,"Mohali, Punjab",,Indeed.com
Drupal Developer,Matrix Infologics,"Mohali, Punjab",,Indeed.com
Android Developer,ThinkNEXT Technologies Private Limited,"Mohali, Punjab",,Indeed.com
Junior Android Developer,Techwin Labs LLP,"Mohali, Punjab",,Indeed.com
Software programmer/ Analyst - VB,Kapasa Jobs,"Chandigarh, Chandigarh",,Indeed.com
C Developer( Software Engineer / System Developer),T and A Hr Solutions,"Chandigarh, Chandigarh",,Indeed.com
Android Developer in Panchkula,T and A Hr Solutions,"Panchkula, Haryana",,Indeed.com
Lead Product Support Specialist,Edifecs,"Chandigarh, Chandigarh",,Indeed.com
Sr PHP Fullstack Developers,RightResource Technologies India Private Limited,"Mohali, Punjab",,Indeed.com
Urgently Required IOS DEVELOPER (Min 2 Yrs),Konasth Solutions Pvt Ltd,"Panchkula, Haryana",,Indeed.com
Dot Net Developer,Archworkx Prosys pvt. Ltd.,"Chandigarh, Chandigarh",,Indeed.com
Node js developer,clikzop solutions,"Panchkula, Haryana",,Indeed.com
Junior developer,Fintek Consultancy Ltd,"Chandigarh, Chandigarh",,Indeed.com
Embedded Software Engineer,Saffron Consultancy Services,"Mohali, Punjab",,Indeed.com
iOS Developer,iApp Technologies,"Mohali Sas Nagar, Chandigarh",,Indeed.com
Software Engineer - Open Source Technologies,Zapbuild Technologies Private Limited,"Chandigarh, Chandigarh",,Indeed.com
Android Developer,Krescent IT Labs Pvt Ltd,"Chandigarh, Chandigarh",,Indeed.com
.NET Developer,Indi IT Solutions,"Mohali, Punjab",,Indeed.com
Software Developer(.Net),Veridic Technologies,"Chandigarh, Chandigarh",,Indeed.com
Test Automation Engineer,TMotions Global Pvt. Ltd.,"Mohali Sas Nagar, Chandigarh",,Indeed.com
Software Engineer - Asp/.net/mvc/entity Framework,Vibhuti Technologies,"Mohali, Punjab",,Indeed.com
Android Developer,Edulink Info Services,"Mohali Sas Nagar, Chandigarh",,Indeed.com
.Net Developer,JWH Global,"Chandigarh, Chandigarh",,Indeed.com
Technical Support Engineer,bebo Technologies,"Chandigarh, Chandigarh",,Indeed.com
Software Architect,Maracana SDC Private Limited,"Mohali Sas Nagar, Chandigarh",,Indeed.com
Tech Lead,T and A Hr Solutions,"Mohali, Punjab",,Indeed.com
iOS Developer,Emilence Pvt. Ltd.,"Mohali, Punjab",,Indeed.com
.Net Developer/ Software Developer,DOT Technologies,"Panchkula, Haryana",,Indeed.com
Software Engineer,National Group of Services,"Chandigarh, Chandigarh",,Indeed.com
Machine Learning Engineer,XenonStack,"Chandigarh, Chandigarh",,Indeed.com
Senior Software Engineer Mohali,T and A Hr Solutions,"Mohali, Punjab",,Indeed.com
server admin,T and A Hr Solutions,"Mohali, Punjab",,Indeed.com
Android Lead,Trantor software,"Chandigarh, Chandigarh",,Indeed.com
Software Architect,Ascentx Software Development Services,"Chandigarh, Chandigarh",,Indeed.com
TECHNICAL LEAD (JAVA) / SENIOR SOFTWARE ENGINEER,Finxera,"Chandigarh, Chandigarh",,Indeed.com
Android Application Developer,WeaveBytes InfoTech,"Mohali, Punjab",,Indeed.com
Software Engineer - Data Engineering,XenonStack,"Chandigarh, Chandigarh",,Indeed.com
Software Developer (Dot Net),T and A Hr Solutions,"Mohali, Punjab",,Indeed.com
ADF Application Support Lead,Emerson,"Chandigarh, Chandigarh",,Indeed.com
SOFTWARE QUALITY ASSURANCE ENGINEER,ZitaBytes,"Chandigarh, Chandigarh",,Indeed.com
Programmer Analyst,T and A Hr Solutions,"Chandigarh, Chandigarh",,Indeed.com
Senior Software Engineer / Team Lead,Hoolime,"Chandigarh, Chandigarh",,Indeed.com
Software development Engineer,T and A Hr Solutions,"Mohali, Punjab",,Indeed.com
Data Lead,Maven Wave Partners,"Chandigarh, Chandigarh",,Indeed.com
Embedded Software Engineer,T and A Hr Solutions,"Mohali, Punjab",,Indeed.com
Software Engineer - Angular / React,Hoolime,"Chandigarh, Chandigarh",,Indeed.com
Senior .Net Developer,Anaad it solutions pvt ltd,"Sector 59 Chandigarh, Chandigarh",,Indeed.com
Senior Software Engineer - Android,IDS Infotech Limited,"Chandigarh, Chandigarh",,Indeed.com
Android Application Developer,Pasill Technologies Private Limited,"Mohali, Punjab",,Indeed.com
Sales manager (IT software),Archworkx Prosys pvt. Ltd.,"Chandigarh, Chandigarh",,Indeed.com
Python Developer Chandigarh,T and A Hr Solutions,"Chandigarh, Chandigarh",,Indeed.com
Senior Software Engineer,Zscaler,"Chandigarh, Chandigarh",,Indeed.com
C++ Developer,Magna,"Chandigarh, Chandigarh",,Indeed.com
Job Opening For Web Developer For Chandigarh Location,T A Solution,"Chandigarh, Chandigarh",,Indeed.com
Software Engineer/Dot Net Developer,T and A Hr Solutions,"Mohali, Punjab",,Indeed.com
ASP.NET MVC Developer,Bytecode Technologies,"Mohali, Punjab",,Indeed.com
Automation Engineer / Lead,T and A Hr Solutions,"Chandigarh, Chandigarh",,Indeed.com
Senior Software Engineer - DevTest,Zscaler,"Chandigarh, Chandigarh",,Indeed.com
ASP.NET Developer,Bytecode Technologies,"Mohali, Punjab",,Indeed.com
AEM Developer,T and A Hr Solutions,"Chandigarh, Chandigarh",,Indeed.com
Senior EAI Support Analyst,Emerson,"Chandigarh, Chandigarh",,Indeed.com
Sr. Implementation Consultant,Edifecs,"Chandigarh, Chandigarh",,Indeed.com
Lead Implementation Consultant,Edifecs,"Chandigarh, Chandigarh",,Indeed.com
Automation Engineer,T and A Hr Solutions,"Chandigarh, Chandigarh",,Indeed.com
Full Stack Developer Chandigarh,T and A Hr Solutions,"Chandigarh, Chandigarh",,Indeed.com
C Developer( Software Engineer / System Developer) in MNC,T and A Hr Solutions,"Chandigarh, Chandigarh",,Indeed.com
Software Engineer (PHP),IDS Infotech Limited,"Chandigarh, Chandigarh",,Indeed.com
Senior Developer (Android),T and A Hr Solutions,"Mohali, Punjab",,Indeed.com
Sr. Software Engineer - Dot Net,CS Soft Solutions,"Sector 22 Chandigarh, Chandigarh",,Indeed.com
Salesforce Developer,Edifecs,"Chandigarh, Chandigarh",,Indeed.com
Technical Analyst,Emerson,"Chandigarh, Chandigarh",,Indeed.com
Hybrid-Mobile App Developer (Ionic Framework),PSL LIMITED,"Mohali, Punjab",,Indeed.com
Quality Manager – Software testing Profile for Chandigarh IT...,T A Solution,"Chandigarh, Chandigarh",,Indeed.com
JD Senior Developer (Android),T and A Hr Solutions,"Mohali, Punjab",,Indeed.com
DOT NET DEVELOPER,One World Technologies,"Chandigarh, Chandigarh",,Indeed.com
Quality Analyst,T and A Hr Solutions,"Chandigarh, Chandigarh",,Indeed.com
Associate / Specialist Quality Management,T and A Hr Solutions,"Chandigarh, Chandigarh",,Indeed.com
Salesforce Developer,Conscious Foundation,"Chandigarh, Chandigarh",,Indeed.com
Business Development Executive,Cliffchord Technologies LLP,"Chandigarh, Chandigarh",,Indeed.com
IOS & ANDROID APP DEVELOPER,Promoting Webs,"Mohali, Punjab",,Indeed.com
Content Writer,Net Solutions,"Mani Mazra, Chandigarh",,Indeed.com
Android Developer,Techwin Labs,"Mohali, Punjab",,Indeed.com
App Developer Android/IOS,M Sadashiv & Associates (Sanaatan Group),"Chandigarh, Chandigarh",,Indeed.com
TL/Senior Software .Net MVC Developer,Professionals Peers Info Services,"Panchkula, Haryana",,Indeed.com
JD of Android Developer,T A Solution,"Mohali, Punjab",,Indeed.com
Associate Project Manager/Project Manager,Trantor software,"Chandigarh, Chandigarh",,Indeed.com
Sr Software Engineer (React JS),T and A Hr Solutions,"Mohali, Punjab",,Indeed.com
Android developer & IOS,Narang Staffing Solutions,"Mohali, Punjab",,Indeed.com
IOS & Android App Developer,thirtyfour,"Mohali, Punjab",,Indeed.com
Lead/Senior Software Engineer,T and A Hr Solutions,"Chandigarh, Chandigarh",,Indeed.com
"Required Android Developer(IONIC, React Native, Node JS, Ang...",Ditro infotech P.v.t. L.t.d,"Mohali, Punjab",,Indeed.com
Specialist / Senior Specialist Quality Management,T and A Hr Solutions,"Chandigarh, Chandigarh",,Indeed.com
Functional Consultant- Textile industry,Placement Factory,"Chandigarh, Chandigarh",,Indeed.com
Android Developer for a UK gaming company,itForte,"Chandigarh, Chandigarh",,Indeed.com
Software Engineer (.Net),IDS Infotech Limited,"Chandigarh, Chandigarh",,Indeed.com
Technical Business Analyst,Edifecs,"Chandigarh, Chandigarh",,Indeed.com
PRODUCT MANAGER / BUSINESS ANALYST,Finxera,"Chandigarh, Chandigarh",,Indeed.com
IOS Developer,T A Solution,"Mohali, Punjab",,Indeed.com
project lead,Randstad,"Chandigarh, Chandigarh",,Indeed.com
Customized Business Analytics and ERP Implementation Softwar...,T A Solution,"Chandigarh, Chandigarh",,Indeed.com
Senior Software Engineer Lead in testing,T A Solution,"Chandigarh, Chandigarh",,Indeed.com
Sales Head Software Solutions/Services/Product International,ChampionsIT,"Chandigarh, Chandigarh",,Indeed.com
Senior java Developer,Cogneesol," Mohali",0-10 Yrs,wisdomjobs.com
Opening for java Developer,T and A SOLUTIONS," Mohali",0-3 Yrs,wisdomjobs.com
Job Opening for java Developer,T and A SOLUTIONS," Mohali",3-6 Yrs,wisdomjobs.com
Team Leader - java & WebTechnologies,End2End Catalyst," Chandigarh, Mohali",3-8 Yrs,wisdomjobs.com
Solution Architect - java/J2EE,Maquette Consulting Group," Punjab, Mohali",10-15 Yrs,wisdomjobs.com
"java Software Developer Mohali , java Developer",Pinnacle Infodege Pvt. Ltd. (IT)," Mohali",2-6 Yrs,wisdomjobs.com
"java Software Developer Mohali, java Developer",Pinnacle Infodege Pvt. Ltd. (IT)," Mohali",2-6 Yrs,wisdomjobs.com
java Script Developer Mohali,T and A SOLUTIONS," Mohali",1-2 Yrs,wisdomjobs.com
Software Developer - java Web Applications,End2End Catalyst," Chandigarh, Mohali",3-8 Yrs,wisdomjobs.com
java Developer - J2EE/Spring/Hibernate,SmartData Enterprises Inc.," Chandigarh, Mohali",2-6 Yrs,wisdomjobs.com
java Script Developer Jobs in Mohali,T and A SOLUTIONS," Mohali",1-2 Yrs,wisdomjobs.com
StData java Developer JEE Spring,smartData Enterprises," Punjab, Mohali",3-8 Yrs,wisdomjobs.com
java Programmer,Frisklancer Services Private Limited," Mohali",0-10 Yrs,wisdomjobs.com
Simson Softwares - Android Developer - java/SDK,Simson Softwares Pvt. Ltd.," Chandigarh, Mohali",1-4 Yrs,wisdomjobs.com
java Developer Software testing QA Php developer IOS,National Group of Services," Chandigarh, Mohali",0-2 Yrs,wisdomjobs.com
"Android Developer ",Rudra Innovative Software Pvt Ltd," Mohali",Fresher,wisdomjobs.com
Web designer,Websetters," Mohali",Fresher,wisdomjobs.com
Hiring for Android Developer IT Company Mohali,ToXSL Technologies Pvt Ltd," Mohali",0-2 Yrs,wisdomjobs.com
Enterprise Integration Tibco Architect Mohali / Chandigarh,DynPro India Pvt ltd," Mohali, Delhi, Chandigarh...",8-15 Yrs,wisdomjobs.com
Required Android Developer for Mohali/Zirakpur,T and A SOLUTIONS," Mohali",1-3 Yrs,wisdomjobs.com
System Developer,T and A SOLUTIONS," Mohali",2-6 Yrs,wisdomjobs.com
C Developer with Linux,T and A SOLUTIONS," Mohali",2-5 Yrs,wisdomjobs.com
Hiring for System Developer,T and A SOLUTIONS," Mohali",2-5 Yrs,wisdomjobs.com
URGENT OPENING FOR DOT NET DEVELOPER-TECHNICAL LEAD,T and A SOLUTIONS," Mohali",10-15 Yrs,wisdomjobs.com
Urgent Looking for Server Admin in Mohali,T and A SOLUTIONS," Mohali",5-8 Yrs,wisdomjobs.com
Android Developer Job Mohali,T and A SOLUTIONS," Mohali",1-3 Yrs,wisdomjobs.com
Urgent Opening for Blockchain Engineer,T and A SOLUTIONS," Mohali",3-6 Yrs,wisdomjobs.com
System Developer,T and A SOLUTIONS," Mohali",2-5 Yrs,wisdomjobs.com
JD of Android Developer,T and A SOLUTIONS," Mohali",1-4 Yrs,wisdomjobs.com
Software development Engineer,T and A SOLUTIONS," Mohali",3-8 Yrs,wisdomjobs.com
Urgent Opening for Tech Lead,T and A SOLUTIONS," Mohali",10-13 Yrs,wisdomjobs.com
Immediately Required Iphone Trainee,T and A SOLUTIONS," Mohali",0-1 Yrs,wisdomjobs.com
Adobe Enterprise Manager,T and A SOLUTIONS," Mohali",4-8 Yrs,wisdomjobs.com
URGENT OPENING FOR ADOBE ENTERPRISE MANAGER IN MOHALI LOCATION,T and A SOLUTIONS," Mohali",4-8 Yrs,wisdomjobs.com
URGENT OPENING FOR ADOBE ENTERPRISE MANAGER,T and A SOLUTIONS," Mohali",4-8 Yrs,wisdomjobs.com
URGENT OPENING FOR ADOBE ENTERPRISE,T and A SOLUTIONS," Mohali",4-8 Yrs,wisdomjobs.com
IOS Developer,T and A SOLUTIONS," Mohali",0-3 Yrs,wisdomjobs.com
vacancies for Admission officers at School of International Studies,Career Routers," Mohali, Chandigarh",0-3 Yrs,wisdomjobs.com
Team leader/Trainer/Quality Auditor required in an MNC,Career Routers," Mohali, Chandigarh",0-3 Yrs,wisdomjobs.com
React Native Developer,Dikonia," Mohali",0-10 Yrs,wisdomjobs.com
"Jr. Web Developer ",VINIRMA CONSULTING PVT. LTD.," Mohali",5-8 Yrs,wisdomjobs.com
drilling engineer,Freelancer Devi," Mohali, Pathankot, Kapurthala...",0-10 Yrs,wisdomjobs.com
Job Opening for Developer Engineer Mohali,T and A SOLUTIONS," Mohali",3-5 Yrs,wisdomjobs.com
Job opening for Devops Engineer Mohali & Chandigarh,T and A SOLUTIONS," Mohali, Chandigarh",2-5 Yrs,wisdomjobs.com
Job opening for Devops Engineer Mohali & Chandigarh,T and A SOLUTIONS," Mohali, Chandigarh",2-5 Yrs,wisdomjobs.com
Required Mechanical/Accountant/Electrical/ Electronical,Freelancer Preeti Bala," Mohali, Noida, Gurugram...",0-5 Yrs,wisdomjobs.com
Hiring for Chat Process,Skyway Solution," Mohali, Chandigarh",0-4 Yrs,wisdomjobs.com
PHP/Laravel Developer,Dikonia," Mohali",Fresher,wisdomjobs.com
Full Stack Developer Node.Js/React.Js,Dikonia," Mohali",Fresher,wisdomjobs.com
Executive Technical Support Executive (Voice Process),Skyway Solution," Mohali, Chandigarh",0-4 Yrs,wisdomjobs.com
Urgent opening for DevOps Engineer in Mohali Location in IT / MNC,T and A SOLUTIONS," Mohali",3-5 Yrs,wisdomjobs.com
DevOps Engineer / DevOps Developer,T and A SOLUTIONS," Mohali",2-5 Yrs,wisdomjobs.com
Sustained Engineer,T and A SOLUTIONS," Mohali",2-5 Yrs,wisdomjobs.com
DevOps Engineer / DevOps Developer,T and A SOLUTIONS," Mohali",2-5 Yrs,wisdomjobs.com
Urgent opening for DevOps Engineer in Mohali Location in IT/ MNC,T and A SOLUTIONS," Mohali",3-5 Yrs,wisdomjobs.com
Software Developer,T and A SOLUTIONS," Mohali",2-5 Yrs,wisdomjobs.com
"Sr. Web Developer ",VINIRMA CONSULTING PVT. LTD.," Mohali",8-11 Yrs,wisdomjobs.com
Opening for Software Developer in Mohali Location,T and A SOLUTIONS," Mohali",2-4 Yrs,wisdomjobs.com
Opening for Sustained Engineer,T and A SOLUTIONS," Mohali",2-4 Yrs,wisdomjobs.com
Senior Developer,T and A SOLUTIONS," Mohali",2-8 Yrs,wisdomjobs.com
"Product / Associate Product EngineerSupport ",Security Weaver Software Private Limited," Chandigarh, Mohali",1-4 Yrs,wisdomjobs.com
Hiring Freshers For Day / Night Shifts International and domestic Bpo,Career Routers," Mohali, Chandigarh",0-3 Yrs,wisdomjobs.com
IOS Developer,T and A SOLUTIONS," Mohali",1-2 Yrs,wisdomjobs.com
Job Openings for Senior IOS Developer,T and A SOLUTIONS," Mohali",3-5 Yrs,wisdomjobs.com
International BPO In Chandigarh Mohali,Career Routers," Mohali, Chandigarh",0-3 Yrs,wisdomjobs.com
Job Opening for QA Automation Engineer in Mohali,T and A SOLUTIONS," Mohali",4-7 Yrs,wisdomjobs.com
JD Senior Developer,T and A SOLUTIONS," Mohali",6-9 Yrs,wisdomjobs.com
Andriod Developer,Pinnacle Infodege Pvt. Ltd. (IT)," Mohali",2-6 Yrs,wisdomjobs.com
"Vacancy For back office executive,Data Entry Operator, Computer Operator ",Part Time Work 4 You," Mohali",0-1 Yrs,wisdomjobs.com
"Part time home based Data Entry without investment ",Part Time Work," Mohali",0-1 Yrs,wisdomjobs.com
